320972452.jpg,Woman Hugging Scotch Collie Dog In Meadow. Woman Hugging Scotch Collie Dog In Nature. Close Up Of Sc
340933648.jpg,Maltese Dog On The Street. Small Maltese Dog On Street. Close Up Of Maltese Dog. Maltese Pet Dog Ani
321143356.jpg,Woman With Scotch Collie Dog In Meadow. Woman Sitting With Scotch Collie Dog In Nature. Close Up Of
299804476.jpg,Two Dogs Sit On The Couch And Share A Bone. Dogs Kiss. Close-up Portrait Of A Dog. Jack Russell Terr
330981259.jpg,"Bichon Frise Dog. Pure Breed Bichon Frise Dog. Bichon dogs are sweet, fun, loving lap dogs who enjoy the company of humans and other animals alike."
337048471.jpg,Christmas Dog. A beautiful Morkie half Maltese half Yorkie Puppy dog presented as a Christmas Gift under a Christmas Tree.Dogs are often given as Christmas gifts around the world.
336124360.jpg,Woman Hugging Dog Puppy. Woman Hugging Her Pet Puppy Dog. Close Up Of Little Puppy Dog. Small Dog Pe
338822512.jpg,Blurred motion image of woman walking with dog on street. Woman taking out dog to walk. Blurred motion image of woman and dog walking. Pet dog animal. Walking dog dog out. Beautiful dog. City dog life.
302661286.jpg,Stray Sad Black White Dog In Autumn Park Looking Depressed. Homeless Witty Dog With Sad Eyes Lookin,
308534659.jpg,Bichon Frise Dog and American Flag. Small White Bichon Frise dog wears American Flag Glasses. 4th of July celebration with a small white dog.
309067372.jpg,Dog and cat together. Dog hugs a cat under the rug at home. Friendship of pets
314811211.jpg,Woman Cuddling Stray Dog On The Street Attractive Woman Cuddling Dog On Street. Close Up Of Stray Do
314811112.jpg,Stray Dog On The Street Lost Stray Dog On Street. Close Up Of Stray Dog. Stray Dog Animal. Stray Dog
338677960.jpg,"Dogs At Park. Pets Playing In Dog Park, People Walk And Play With Dogs In Outdoor Yard, Urban Dog Pa"
332367778.jpg,"Bichon Frise Dog. Pure Breed Bichon Frise Dog. Bichon dogs are sweet, fun, loving lap dogs who enjoy the company of humans and other animals alike. "
337048654.jpg,Christmas Dog. A beautiful Morkie half Maltese half Yorkie Puppy dog presented as a Christmas Gift under a Christmas Tree.Dogs are often given as Christmas gifts around the world.
333116623.jpg,"Dogs dachshunds puppy , dog portrait"
318276448.jpg,Young Energetic Welsh Corgi Pembroke Is Playing With Half-breed Dog. Corgi With A Long Tail. How To
311560558.jpg,"Portrait Of Jack Russell Terrier. The Dog Is Standing On The Steps, Waiting For The Owner. Cute Dog "
345995047.jpg,Dog food bowl with dog biscuits shaped like bones treats
20.jpg,Test of loading images
21.jpg,Bottle of smthing
22.jpg,banana image
23.jpg,Some photo
24.jpg,Tatuirovka
25.jpg,People
26.jpg,banana image
27.jpg,some tiger
28.jpg,Dog
29.jpg,rehterhtre
30.jpg,grbwerwer
31.jpg,ertgrehrht
32.jpg,Big truck on road
33.jpg,grehethw